motif,mean_Ctrl,mean_ALS,log2fc,p,padj,neglog10_padj,neglog10_p
AAAA,0.02039039885102395,0.019277528192173553,-0.08096583363144472,0.34627910788901506,0.8776975407879986,0.05665511848708972,0.4605737100162967
AAAC,0.006674508136484521,0.006375289930688498,-0.06616042789503497,0.0503242887143816,0.8235123390541348,0.08432988921678189,1.298222354732446
AAAG,0.008576229235761085,0.008218282191187304,-0.06149927326316262,0.12291114458297121,0.832475264673407,0.07962866181616557,0.9104087370366252
AAAT,0.01366719913806569,0.012737032700770824,-0.10168069156413667,0.042570432663311925,0.8235123390541348,0.08432988921678189,1.370891935861529
AACA,0.007007411921960034,0.0069999424540523065,-0.0015384242614566112,0.8212035642376201,0.964349139655187,0.015765702638804734,0.0855491743460495
AACC,0.002938525358232306,0.0029868516421460273,0.02352529121257888,0.674396810619721,0.964349139655187,0.015765702638804734,0.17108449225865685
AACG,7.516444484502444e-4,7.051200768237741e-4,-0.09205495534898958,0.15932674137008504,0.832475264673407,0.07962866181616557,0.7977113261775424
AACT,0.005326665851942511,0.005406052801230762,0.021338844503439022,0.5386594829319289,0.9254820646347235,0.03363199323268232,0.26868569013225785
AAGA,0.007668846462837558,0.007491699514848692,-0.03371210254995072,0.15932674137008504,0.832475264673407,0.07962866181616557,0.7977113261775424
AAGC,0.003452199275196815,0.003497941243345123,0.01898484725048211,0.7223426728070692,0.964349139655187,0.015765702638804734,0.14125672818661994
AAGG,0.004406650028585058,0.0042692547265408155,-0.045687546013180654,0.3136182702746171,0.8632933031215266,0.06384162805518981,0.5035986448131042
AAGT,0.005920416017121484,0.0058811323419927525,-0.009602972059372737,0.9228696999594833,1,-0,0.03485961271544618
AATA,0.009890204780313903,0.009463535856722938,-0.06361449902089358,0.34627910788901506,0.8776975407879986,0.05665511848708972,0.4605737100162967
AATC,0.004858337728518035,0.004672168287475775,-0.05635871294409108,0.4561506604850259,0.8982659160320511,0.046595078956426735,0.3408916919614396
AATG,0.007632280568817312,0.007309393492314908,-0.06235415661689752,0.09308957296573396,0.832475264673407,0.07962866181616557,1.0310989619515236
AATT,0.010962603411303147,0.010512434378341333,-0.060488022044197225,0.6277375874899096,0.964349139655187,0.015765702638804734,0.20222186601119221
ACAA,0.006221588562870513,0.00611641605527817,-0.02459245906523878,0.4561506604850259,0.8982659160320511,0.046595078956426735,0.3408916919614396
ACAC,0.00390680002013073,0.004057542215644666,0.054604980099295514,0.22762995518413476,0.832475264673407,0.07962866181616557,0.6427705871137582
ACAG,0.005071709845936681,0.005117595963506275,0.012991489578739369,0.8212035642376201,0.964349139655187,0.015765702638804734,0.0855491743460495
ACAT,0.006099064308134853,0.006069929340425427,-0.00690707019192694,0.6277375874899096,0.964349139655187,0.015765702638804734,0.20222186601119221
ACCA,0.003731276095992552,0.003795131821536797,0.02447437730210853,0.674396810619721,0.964349139655187,0.015765702638804734,0.17108449225865685
ACCC,0.0020484583548231305,0.002112706916862925,0.04453267427959875,0.6277375874899096,0.964349139655187,0.015765702638804734,0.20222186601119221
ACCG,4.67328621936205e-4,4.995707205752303e-4,0.09605269611538532,0.22762995518413476,0.832475264673407,0.07962866181616557,0.6427705871137582
ACCT,0.0033490724556314647,0.0034976116234523,0.06259022304465349,0.029960751322980424,0.7669952338682989,0.11520733476174787,1.5234473000735975
ACGA,5.437919205226038e-4,5.93540214784742e-4,0.1260690895927155,0.10720239512809172,0.832475264673407,0.07962866181616557,0.9697955114781969
ACGC,4.918937566099338e-4,5.079768871483248e-4,0.04632343762258516,0.8212035642376201,0.964349139655187,0.015765702638804734,0.0855491743460495
ACGG,6.164974298410162e-4,6.043111689008775e-4,-0.028756160712743645,0.9742362900257637,1,-0,0.011335697116542545
ACGT,8.696776242889225e-4,8.820716088587461e-4,0.02039178398794135,0.7223426728070692,0.964349139655187,0.015765702638804734,0.14125672818661994
ACTA,0.0035098417093056573,0.003326998271001373,-0.07716226801841192,0.024916260210377857,0.7669952338682989,0.11520733476174787,1.60351714226486
ACTC,0.0032462923723995726,0.0034230797986690613,0.07647903974508899,0.024916260210377857,0.7669952338682989,0.11520733476174787,1.60351714226486
ACTG,0.004460731445135902,0.0043656757249683036,-0.03106828064885888,0.6277375874899096,0.964349139655187,0.015765702638804734,0.20222186601119221
ACTT,0.005831562666549201,0.005764661626934182,-0.016643732026228455,0.9742362900257637,1,-0,0.011335697116542545
AGAA,0.010762630180208472,0.01023537740681889,-0.07245948397549531,0.4561506604850259,0.8982659160320511,0.046595078956426735,0.3408916919614396
AGAC,0.003943549657018271,0.0038468354035005757,-0.035813512289104975,0.25430297256922646,0.8346353971502817,0.07850320066785722,0.5946485632892263
AGAG,0.005759645920063232,0.005755727373360052,-9.816939974553827e-4,0.9742362900257637,1,-0,0.011335697116542545
AGAT,0.006185311192037657,0.0060969011525407145,-0.02076664327696925,0.7713030004051677,0.964349139655187,0.015765702638804734,0.11277497920810663
AGCA,0.004687382755424452,0.004693017936129687,0.0017329995814071213,0.41758241758241765,0.890842490842491,0.05019907644005863,0.37925779570428336
AGCC,0.0030622362194381468,0.0032228494561009307,0.07372775229551055,0.20296731132644447,0.832475264673407,0.07962866181616557,0.6925739012675068
AGCG,5.225753051100756e-4,5.486349613545272e-4,0.07007672157046058,0.25430297256922646,0.8346353971502817,0.07850320066785722,0.5946485632892263
AGCT,0.004071860043364925,0.004165108084901331,0.03265802940557164,0.28293378448177214,0.842221497992252,0.0745736772588458,0.5483151913271277
AGGA,0.005241121305999771,0.00528086368943522,0.010896331014894959,0.5824144895352327,0.9436589197532884,0.02518495065538107,0.23476782901280802
AGGC,0.0037466753096722636,0.0037638748840697865,0.006605954942905334,0.9742362900257637,1,-0,0.011335697116542545
AGGG,0.0032116461313806085,0.0033253809721514524,0.05019133204895678,0.9742362900257637,1,-0,0.011335697116542545
AGGT,0.004266706337028015,0.004083507722264317,-0.06329869632447534,0.1801944185845115,0.832475264673407,0.07962866181616557,0.7442586651632163
AGTA,0.0044910986050551854,0.00448213067576855,-0.0028830442119552073,0.8212035642376201,0.964349139655187,0.015765702638804734,0.0855491743460495
AGTC,0.003319507213733616,0.003423671960667387,0.04456217035245976,0.28293378448177214,0.842221497992252,0.0745736772588458,0.5483151913271277
AGTG,0.005187637899216604,0.005077601908820929,-0.030924466341980178,0.5824144895352327,0.9436589197532884,0.02518495065538107,0.23476782901280802
AGTT,0.0065991385531486155,0.006247293445062244,-0.07903410065871067,0.08042112686075535,0.8235123390541348,0.08432988921678189,1.094629845856594
ATAA,0.008511089763433028,0.008203489356286179,-0.053099820877537736,0.3809719692072634,0.8866256737914493,0.05225969710106423,0.4191069772546887
ATAC,0.0036092156823822495,0.0035022622666784804,-0.043386032057591443,0.25430297256922646,0.8346353971502817,0.07850320066785722,0.5946485632892263
ATAG,0.003705885433067952,0.00378722279286686,0.03131365388543641,0.34627910788901506,0.8776975407879986,0.05665511848708972,0.4605737100162967
ATAT,0.0082804223125503,0.008020451897753043,-0.04601517728358764,0.3809719692072634,0.8866256737914493,0.05225969710106423,0.4191069772546887
ATCA,0.0046432929775887125,0.0046878905611306134,0.013787621779547036,0.28293378448177214,0.842221497992252,0.0745736772588458,0.5483151913271277
ATCC,0.0026151450090473997,0.0027545966171610946,0.07492220255318084,0.1801944185845115,0.832475264673407,0.07962866181616557,0.7442586651632163
ATCG,4.8346507570365426e-4,4.927375333270185e-4,0.0273516533120811,0.8717598191282403,1,-0,0.059603152217892794
ATCT,0.004700373104071238,0.004783991279021816,0.02543411699674087,0.4561506604850259,0.8982659160320511,0.046595078956426735,0.3408916919614396
ATGA,0.0056982335902028315,0.005706576165222783,0.0021102821934557824,1,1,-0,-0
ATGC,0.003377073761355313,0.003433930208469387,0.024079956197968353,0.7713030004051677,0.964349139655187,0.015765702638804734,0.11277497920810663
ATGG,0.004399120225467516,0.004372680836014967,-0.008694998038084675,0.674396810619721,0.964349139655187,0.015765702638804734,0.17108449225865685
ATGT,0.00618312944007202,0.005918750548499599,-0.06303413302211418,0.06915066357790817,0.8235123390541348,0.08432988921678189,1.1602036479937006
ATTA,0.007143557456654852,0.006730254257375906,-0.08596929951703447,0.06915066357790817,0.8235123390541348,0.08432988921678189,1.1602036479937006
ATTC,0.005362162099196205,0.005233483320686372,-0.03503671852484266,0.5386594829319289,0.9254820646347235,0.03363199323268232,0.26868569013225785
ATTG,0.004859607749514425,0.004569204944991825,-0.08887785095361556,0.00895698728516066,0.7669952338682989,0.11520733476174787,2.047838042285312
ATTT,0.013275365063795796,0.013051744671660911,-0.024507003216855817,1,1,-0,-0
CAAA,0.008166608771169972,0.008111850181897116,-0.00970491597614932,0.9228696999594833,1,-0,0.03485961271544618
CAAC,0.0030122536659333405,0.0030020044086621804,-0.004915536122036233,0.9742362900257637,1,-0,0.011335697116542545
CAAG,0.003788804988017373,0.0037547172563657553,-0.01303515764088342,0.674396810619721,0.964349139655187,0.015765702638804734,0.17108449225865685
CAAT,0.00482872787376436,0.0046535990673425166,-0.05328500024595003,0.20296731132644447,0.832475264673407,0.07962866181616557,0.6925739012675068
CACA,0.005265103235546222,0.005509415270845307,0.06542524200754979,0.08042112686075535,0.8235123390541348,0.08432988921678189,1.094629845856594
CACC,0.0027914940591512124,0.0029091376927475447,0.05953320418507861,0.41758241758241765,0.890842490842491,0.05019907644005863,0.37925779570428336
CACG,8.146530917202963e-4,8.068662388104658e-4,-0.013839244178890112,0.9742362900257637,1,-0,0.011335697116542545
CACT,0.004388392231063324,0.004397707941249179,0.0030586210120393735,0.7713030004051677,0.964349139655187,0.015765702638804734,0.11277497920810663
CAGA,0.005223351399343676,0.00530095595826844,0.021272747795973546,0.8212035642376201,0.964349139655187,0.015765702638804734,0.0855491743460495
CAGC,0.0032980146894386526,0.0034433991560066995,0.062217138127362,0.7223426728070692,0.964349139655187,0.015765702638804734,0.14125672818661994
CAGG,0.0038243802171932587,0.004111672015261316,0.10447287263190524,0.28293378448177214,0.842221497992252,0.0745736772588458,0.5483151913271277
CAGT,0.004169659870607006,0.004221726041588842,0.017898991174369393,0.8212035642376201,0.964349139655187,0.015765702638804734,0.0855491743460495
CATA,0.004329540291983859,0.004267808192464034,-0.02071369102487544,0.5824144895352327,0.9436589197532884,0.02518495065538107,0.23476782901280802
CATC,0.0031851281352242703,0.0033210769431822177,0.06028119987762499,0.1801944185845115,0.832475264673407,0.07962866181616557,0.7442586651632163
CATG,0.004351580470129843,0.004460524454120248,0.03566577695945399,0.25430297256922646,0.8346353971502817,0.07850320066785722,0.5946485632892263
CATT,0.007067527393469176,0.007030707121934201,-0.007534703601283934,0.7223426728070692,0.964349139655187,0.015765702638804734,0.14125672818661994
CCAA,0.003915744755736421,0.003964512443946038,0.017852195864650297,0.9742362900257637,1,-0,0.011335697116542545
CCAC,0.0031651921488665097,0.003176301943223767,0.005053385840490199,1,1,-0,-0
CCAG,0.0038775201507364543,0.003993024315733024,0.042336818832763454,0.7223426728070692,0.964349139655187,0.015765702638804734,0.14125672818661994
CCAT,0.0041550061228007315,0.0041366954492748015,-0.006370318628590672,0.9228696999594833,1,-0,0.03485961271544618
CCCA,0.0031507656377350933,0.003383865752063105,0.10293835451066209,0.15932674137008504,0.832475264673407,0.07962866181616557,0.7977113261775424
CCCC,0.0013851792385720907,0.0014721094882717855,0.08775084625870566,0.49650658938584646,0.9144294020343647,0.03884981833456674,0.30407498339232125
CCCG,5.607462817295677e-4,5.499741438020567e-4,-0.027934052680012277,0.674396810619721,0.964349139655187,0.015765702638804734,0.17108449225865685
CCCT,0.0021792732569932537,0.002328508310926901,0.09551651600397636,0.22762995518413476,0.832475264673407,0.07962866181616557,0.6427705871137582
CCGA,4.6163332722636436e-4,4.7247882189462346e-4,0.03343069849409345,0.41758241758241765,0.890842490842491,0.05019907644005863,0.37925779570428336
CCGC,4.4264426485004447e-4,4.973408969898346e-4,0.16772965714232263,0.1801944185845115,0.832475264673407,0.07962866181616557,0.7442586651632163
CCGG,4.864217690924387e-4,5.434345560386632e-4,0.1595879539265292,0.20296731132644447,0.832475264673407,0.07962866181616557,0.6925739012675068
CCGT,5.603796323870374e-4,6.060804140045936e-4,0.11291090696871109,0.28293378448177214,0.842221497992252,0.0745736772588458,0.5483151913271277
CCTA,0.002301819494559284,0.00230991390186255,0.005062179477350342,1,1,-0,-0
CCTC,0.0029813791430571583,0.0031993917658882315,0.10178484308687547,0.14023747150682137,0.832475264673407,0.07962866181616557,0.8531359272090023
CCTG,0.0038141604096654023,0.003995887935361624,0.06713340616076037,0.41758241758241765,0.890842490842491,0.05019907644005863,0.37925779570428336
CCTT,0.0036437022519762185,0.003873425952808434,0.08818161122398052,0.08042112686075535,0.8235123390541348,0.08432988921678189,1.094629845856594
CGAA,6.153553389290359e-4,6.635118667994172e-4,0.1085326352197769,0.10720239512809172,0.832475264673407,0.07962866181616557,0.9697955114781969
CGAC,2.9774347912965e-4,2.979164262959421e-4,8.349565491835525e-4,0.8212035642376201,0.964349139655187,0.015765702638804734,0.0855491743460495
CGAG,5.832317565615514e-4,6.441176809923899e-4,0.14302157831830034,0.22762995518413476,0.832475264673407,0.07962866181616557,0.6427705871137582
CGAT,5.534633979722514e-4,5.244427480220137e-4,-0.07755864886637433,0.34627910788901506,0.8776975407879986,0.05665511848708972,0.4605737100162967
CGCA,4.808889493510415e-4,4.8498049244197e-4,0.01219768666095866,0.9742362900257637,1,-0,0.011335697116542545
CGCC,5.479717816622942e-4,5.870194894436838e-4,0.0991319793581429,0.4561506604850259,0.8982659160320511,0.046595078956426735,0.3408916919614396
CGCG,1.4692887395985243e-4,1.571716794350897e-4,0.09658763219823314,0.49650658938584646,0.9144294020343647,0.03884981833456674,0.30407498339232125
CGCT,4.958832124713321e-4,5.69768668174e-4,0.19999934125425173,0.024916260210377857,0.7669952338682989,0.11520733476174787,1.60351714226486
CGGA,4.782146799984335e-4,4.90581271198167e-4,0.036757847852859446,0.3136182702746171,0.8632933031215266,0.06384162805518981,0.5035986448131042
CGGC,4.607650246278343e-4,4.8538559844855294e-4,0.07494160868115501,0.41758241758241765,0.890842490842491,0.05019907644005863,0.37925779570428336
CGGG,5.454466031986724e-4,5.929779938166602e-4,0.12032895406658713,0.3809719692072634,0.8866256737914493,0.05225969710106423,0.4191069772546887
CGGT,4.933638522102144e-4,4.973541943773777e-4,0.011598213372095151,0.674396810619721,0.964349139655187,0.015765702638804734,0.17108449225865685
CGTA,4.352150303783233e-4,5.108362203355841e-4,0.23064276315405097,0.08042112686075535,0.8235123390541348,0.08432988921678189,1.094629845856594
CGTC,4.042213671086226e-4,4.2829391728162495e-4,0.08325548251474332,0.7223426728070692,0.964349139655187,0.015765702638804734,0.14125672818661994
CGTG,8.430663331870617e-4,8.579232678629142e-4,0.02517287218124763,0.7223426728070692,0.964349139655187,0.015765702638804734,0.14125672818661994
CGTT,7.415169868196989e-4,7.177808219287516e-4,-0.04687211507512443,0.7223426728070692,0.964349139655187,0.015765702638804734,0.14125672818661994
CTAA,0.0039478982914109,0.003915686557514198,-0.011816532258710623,0.674396810619721,0.964349139655187,0.015765702638804734,0.17108449225865685
CTAC,0.0024112380508714225,0.0024708282685820563,0.03520622869460774,0.5386594829319289,0.9254820646347235,0.03363199323268232,0.26868569013225785
CTAG,0.0023870234093398635,0.0023550246636515454,-0.019462337277449032,0.5386594829319289,0.9254820646347235,0.03363199323268232,0.26868569013225785
CTAT,0.0037725702216956413,0.0037534259623124237,-0.007337779387495721,0.5824144895352327,0.9436589197532884,0.02518495065538107,0.23476782901280802
CTCA,0.004552079019810777,0.004676842705572013,0.039000853375432916,0.25430297256922646,0.8346353971502817,0.07850320066785722,0.5946485632892263
CTCC,0.002950509889913754,0.0031678712994930333,0.10251589133475666,0.12291114458297121,0.832475264673407,0.07962866181616557,0.9104087370366252
CTCG,6.240128769307991e-4,6.407053185928266e-4,0.03802502719974113,0.7713030004051677,0.964349139655187,0.015765702638804734,0.11277497920810663
CTCT,0.004398768804055726,0.004669546765539488,0.08616373536075914,0.029960751322980424,0.7669952338682989,0.11520733476174787,1.5234473000735975
CTGA,0.004380614602431065,0.004591916625281132,0.06794800121054025,0.12291114458297121,0.832475264673407,0.07962866181616557,0.9104087370366252
CTGC,0.003528299147526951,0.003612485595252976,0.03400942334940827,0.3809719692072634,0.8866256737914493,0.05225969710106423,0.4191069772546887
CTGG,0.004393458308101198,0.004412017421588066,0.006080103185630313,0.9228696999594833,1,-0,0.03485961271544618
CTGT,0.004977901472387157,0.005067560757765013,0.025748679019752325,0.20296731132644447,0.832475264673407,0.07962866181616557,0.6925739012675068
CTTA,0.003697092811441328,0.0036710072917303244,-0.010212509069629413,0.7713030004051677,0.964349139655187,0.015765702638804734,0.11277497920810663
CTTC,0.00381962278055848,0.004091874958232736,0.09930676764361879,0.01115293375355295,0.7669952338682989,0.11520733476174787,1.9526108774240383
CTTG,0.00369008352587593,0.003825680087434553,0.052048911112151534,0.1801944185845115,0.832475264673407,0.07962866181616557,0.7442586651632163
CTTT,0.007423352478432806,0.007658605133344912,0.045004815042155935,0.28293378448177214,0.842221497992252,0.0745736772588458,0.5483151913271277
GAAA,0.011143710302845953,0.010516585752878513,-0.08355553460986248,0.10720239512809172,0.832475264673407,0.07962866181616557,0.9697955114781969
GAAC,0.003384532854744333,0.0033257591682036183,-0.025265489917380885,0.3809719692072634,0.8866256737914493,0.05225969710106423,0.4191069772546887
GAAG,0.0050911772789356425,0.005051084884716047,-0.011403766690647205,1,1,-0,-0
GAAT,0.006694348866896967,0.006393651193139887,-0.06629356331280259,0.34627910788901506,0.8776975407879986,0.05665511848708972,0.4605737100162967
GACA,0.004129550746147121,0.00402650767381758,-0.036446818145617774,0.3136182702746171,0.8632933031215266,0.06384162805518981,0.5035986448131042
GACC,0.00182133797496193,0.001915423993678875,0.07262623180472687,0.3809719692072634,0.8866256737914493,0.05225969710106423,0.4191069772546887
GACG,5.067241828171227e-4,4.958833078825262e-4,-0.031137899696733723,0.674396810619721,0.964349139655187,0.015765702638804734,0.17108449225865685
GACT,0.0033187674438759232,0.0034033837921454927,0.03631150643130783,0.5824144895352327,0.9436589197532884,0.02518495065538107,0.23476782901280802
GAGA,0.005710122057144168,0.005614993946098383,-0.024232837506565335,0.4561506604850259,0.8982659160320511,0.046595078956426735,0.3408916919614396
GAGC,0.0025566713371422776,0.002659280796515674,0.056747643690475615,0.3136182702746171,0.8632933031215266,0.06384162805518981,0.5035986448131042
GAGG,0.0037935711908870756,0.003980182365381696,0.06926009651129628,0.25430297256922646,0.8346353971502817,0.07850320066785722,0.5946485632892263
GAGT,0.003695329709641797,0.0037882479747541175,0.03581810559066829,0.22762995518413476,0.832475264673407,0.07962866181616557,0.6427705871137582
GATA,0.0039839419018277665,0.003937498758163363,-0.016912869871485978,0.4561506604850259,0.8982659160320511,0.046595078956426735,0.3408916919614396
GATC,0.0026357181939880014,0.002619456753237259,-0.008925088088597323,0.5824144895352327,0.9436589197532884,0.02518495065538107,0.23476782901280802
GATG,0.0039023690800444183,0.0039113633243093035,0.0033204712378167183,0.9742362900257637,1,-0,0.011335697116542545
GATT,0.00573501265818927,0.005594466744651216,-0.03578972945515455,0.9742362900257637,1,-0,0.011335697116542545
GCAA,0.00417309618232577,0.004108856736655154,-0.022375739796046474,0.8212035642376201,0.964349139655187,0.015765702638804734,0.0855491743460495
GCAC,0.0024919567479039914,0.002544894886699142,0.030315002692058276,0.4561506604850259,0.8982659160320511,0.046595078956426735,0.3408916919614396
GCAG,0.003928283150430142,0.00395732232966383,0.010622962637795042,0.8212035642376201,0.964349139655187,0.015765702638804734,0.0855491743460495
GCAT,0.0037092119232356004,0.0037968444839567078,0.03367923613786476,0.3809719692072634,0.8866256737914493,0.05225969710106423,0.4191069772546887
GCCA,0.003352799628118098,0.0034044051381820384,0.02202994662322598,0.5824144895352327,0.9436589197532884,0.02518495065538107,0.23476782901280802
GCCC,0.001897297509380341,0.0019248261325702377,0.020771344197082993,0.8717598191282403,1,-0,0.059603152217892794
GCCG,4.7083595980108156e-4,4.8771970345516875e-4,0.05072189596168478,0.7713030004051677,0.964349139655187,0.015765702638804734,0.11277497920810663
GCCT,0.0032091542171168003,0.0034889329662780182,0.12055671912096232,0.024916260210377857,0.7669952338682989,0.11520733476174787,1.60351714226486
GCGA,4.5664507611187363e-4,4.306942184718913e-4,-0.0842193870741967,0.49650658938584646,0.9144294020343647,0.03884981833456674,0.30407498339232125
GCGC,4.144264711697507e-4,4.1087172250941535e-4,-0.01239806847101552,0.9228696999594833,1,-0,0.03485961271544618
GCGG,4.533896135710347e-4,5.036035828707748e-4,0.1512205918910112,0.14023747150682137,0.832475264673407,0.07962866181616557,0.8531359272090023
GCGT,5.723982619262245e-4,5.396928680413845e-4,-0.08472820470397074,0.34627910788901506,0.8776975407879986,0.05665511848708972,0.4605737100162967
GCTA,0.0024613898389547932,0.0025599166845907853,0.056601134363877564,0.28293378448177214,0.842221497992252,0.0745736772588458,0.5483151913271277
GCTC,0.002460527814840228,0.0025340874824150055,0.04248149165756482,0.4561506604850259,0.8982659160320511,0.046595078956426735,0.3408916919614396
GCTG,0.0039983975530874264,0.003997621458173218,-2.7998640311442246e-4,1,1,-0,-0
GCTT,0.003868691555014554,0.003911363577852748,0.015821870111806906,0.8212035642376201,0.964349139655187,0.015765702638804734,0.0855491743460495
GGAA,0.006741050878503552,0.006547391218843778,-0.042046999635608,0.7223426728070692,0.964349139655187,0.015765702638804734,0.14125672818661994
GGAC,0.0022019813193785032,0.0022066112810648006,0.0030289014755922918,0.8212035642376201,0.964349139655187,0.015765702638804734,0.0855491743460495
GGAG,0.004325418956355312,0.00443084671635372,0.034734605998540516,0.20296731132644447,0.832475264673407,0.07962866181616557,0.6925739012675068
GGAT,0.0038023968999973366,0.00388673423649564,0.03164110248358761,0.3136182702746171,0.8632933031215266,0.06384162805518981,0.5035986448131042
GGCA,0.003477249135691858,0.0034737103659505963,-0.0014685447243551137,0.7713030004051677,0.964349139655187,0.015765702638804734,0.11277497920810663
GGCC,0.002086750975718549,0.002189143993869248,0.06907608546899828,0.5386594829319289,0.9254820646347235,0.03363199323268232,0.26868569013225785
GGCG,6.56368831133238e-4,6.527617104604118e-4,-0.007938169497088978,0.9228696999594833,1,-0,0.03485961271544618
GGCT,0.0034087728432461895,0.003545215090667568,0.05660441243468774,0.34627910788901506,0.8776975407879986,0.05665511848708972,0.4605737100162967
GGGA,0.003808638646808418,0.003898685976800957,0.03370379408109179,0.5386594829319289,0.9254820646347235,0.03363199323268232,0.26868569013225785
GGGC,0.002040608278148916,0.0021618725754475104,0.08324258819810963,0.41758241758241765,0.890842490842491,0.05019907644005863,0.37925779570428336
GGGG,0.002131093706562603,0.0022691305801250563,0.0905044384846796,0.20296731132644447,0.832475264673407,0.07962866181616557,0.6925739012675068
GGGT,0.002610831217268251,0.0026962787147387633,0.04644293607205238,0.25430297256922646,0.8346353971502817,0.07850320066785722,0.5946485632892263
GGTA,0.0025659879463030867,0.0025040661389369155,-0.03522782746518061,0.22762995518413476,0.832475264673407,0.07962866181616557,0.6427705871137582
GGTC,0.0020359568901659564,0.0020326246196205543,-0.0023620464314926485,0.9228696999594833,1,-0,0.03485961271544618
GGTG,0.0034860429154196437,0.003596993619172716,0.04518850842798669,0.5386594829319289,0.9254820646347235,0.03363199323268232,0.26868569013225785
GGTT,0.003858000472293597,0.0038169509100822977,-0.015428667269435682,0.9228696999594833,1,-0,0.03485961271544618
GTAA,0.004308408553932449,0.004367679154585977,0.019707275185371815,0.4561506604850259,0.8982659160320511,0.046595078956426735,0.3408916919614396
GTAC,0.0019226723383308348,0.001844894949020655,-0.059542633180664634,0.1801944185845115,0.832475264673407,0.07962866181616557,0.7442586651632163
GTAG,0.002668759538421146,0.0026169093505473318,-0.028294663761525108,0.49650658938584646,0.9144294020343647,0.03884981833456674,0.30407498339232125
GTAT,0.004030796591862238,0.0039474534562716065,-0.030135171069235824,0.7713030004051677,0.964349139655187,0.015765702638804734,0.11277497920810663
GTCA,0.003076955946940246,0.0031430634693375772,0.030657758306453533,0.49650658938584646,0.9144294020343647,0.03884981833456674,0.30407498339232125
GTCC,0.0017954763720809952,0.0018344421570758284,0.030957688825255292,0.3809719692072634,0.8866256737914493,0.05225969710106423,0.4191069772546887
GTCG,2.952502288920633e-4,3.1101646759677175e-4,0.07480590493514508,0.49650658938584646,0.9144294020343647,0.03884981833456674,0.30407498339232125
GTCT,0.003500029169751832,0.0035552937475467243,0.02259541274761387,0.6277375874899096,0.964349139655187,0.015765702638804734,0.20222186601119221
GTGA,0.004421416002734565,0.004415362599505235,-0.001976113799856268,0.8717598191282403,1,-0,0.059603152217892794
GTGC,0.0025955627210812755,0.002578274806300598,-0.0096375829192222,0.7713030004051677,0.964349139655187,0.015765702638804734,0.11277497920810663
GTGG,0.003583344299819614,0.003613520463501715,0.01209503390265355,1,1,-0,-0
GTGT,0.004116283427635331,0.0041817642941847505,0.022763936929019606,0.8212035642376201,0.964349139655187,0.015765702638804734,0.0855491743460495
GTTA,0.0034355677616762954,0.00330632165755285,-0.055305043070002086,0.08042112686075535,0.8235123390541348,0.08432988921678189,1.094629845856594
GTTC,0.003002266778528329,0.002948790546753224,-0.02592011648841824,0.5824144895352327,0.9436589197532884,0.02518495065538107,0.23476782901280802
GTTG,0.003126041159367286,0.0032207220101450294,0.04303380615649494,0.12291114458297121,0.832475264673407,0.07962866181616557,0.9104087370366252
GTTT,0.00710627135875322,0.007030827367918273,-0.01539613047831114,0.8212035642376201,0.964349139655187,0.015765702638804734,0.0855491743460495
TAAA,0.010186804374686914,0.009793138061592896,-0.05685272445277601,0.41758241758241765,0.890842490842491,0.05019907644005863,0.37925779570428336
TAAC,0.0030426302022150318,0.003037483188856487,-0.002441773752939438,0.8717598191282403,1,-0,0.059603152217892794
TAAG,0.0037360298380622763,0.003765893539929977,0.011483177500690271,0.7713030004051677,0.964349139655187,0.015765702638804734,0.11277497920810663
TAAT,0.007078463628249441,0.0067390855899438894,-0.07087314764226287,0.14023747150682137,0.832475264673407,0.07962866181616557,0.8531359272090023
TACA,0.004750030208219154,0.004785480842826074,0.010724955390744114,0.7713030004051677,0.964349139655187,0.015765702638804734,0.11277497920810663
TACC,0.0018976689705999979,0.0020583484655667178,0.11719957508763267,0.06915066357790817,0.8235123390541348,0.08432988921678189,1.1602036479937006
TACG,4.5462488342173295e-4,4.589384739739095e-4,0.013594344278929724,0.7713030004051677,0.964349139655187,0.015765702638804734,0.11277497920810663
TACT,0.003833077281191992,0.0037558168496085696,-0.029368632664393,0.41758241758241765,0.890842490842491,0.05019907644005863,0.37925779570428336
TAGA,0.0041354451763322385,0.00414968734912512,0.004958803838516436,0.8212035642376201,0.964349139655187,0.015765702638804734,0.0855491743460495
TAGC,0.0021546186370956784,0.0021819213845564343,0.018158209055689895,0.7223426728070692,0.964349139655187,0.015765702638804734,0.14125672818661994
TAGG,0.002405572694947033,0.002373963651910731,-0.019074569605638688,0.674396810619721,0.964349139655187,0.015765702638804734,0.17108449225865685
TAGT,0.0034356472863729913,0.003383428576681339,-0.022089519835453392,0.5824144895352327,0.9436589197532884,0.02518495065538107,0.23476782901280802
TATA,0.00632850873495781,0.006084061181456866,-0.05682176077099081,0.28293378448177214,0.842221497992252,0.0745736772588458,0.5483151913271277
TATC,0.00333544262861516,0.003190877230631249,-0.06390553422084151,0.14023747150682137,0.832475264673407,0.07962866181616557,0.8531359272090023
TATG,0.004146109883965552,0.004163071898494266,0.005888704846002649,0.9742362900257637,1,-0,0.011335697116542545
TATT,0.009133540510862083,0.008620076570578106,-0.08346412029203255,0.14023747150682137,0.832475264673407,0.07962866181616557,0.8531359272090023
TCAA,0.005402772766230204,0.005336197103055583,-0.017884718107381164,0.20296731132644447,0.832475264673407,0.07962866181616557,0.6925739012675068
TCAC,0.0035462088799158038,0.003772005053410393,0.0890297455394527,0.024916260210377857,0.7669952338682989,0.11520733476174787,1.60351714226486
TCAG,0.004360585384228164,0.004368566592840376,0.002637556492547206,0.8212035642376201,0.964349139655187,0.015765702638804734,0.0855491743460495
TCAT,0.005301012104723049,0.0052083154959423625,-0.025446149115464296,0.6277375874899096,0.964349139655187,0.015765702638804734,0.20222186601119221
TCCA,0.004355039835072844,0.004434482255615136,0.026073825352554685,0.49650658938584646,0.9144294020343647,0.03884981833456674,0.30407498339232125
TCCC,0.002342946757003855,0.002478894496434474,0.08133894535665497,0.22762995518413476,0.832475264673407,0.07962866181616557,0.6427705871137582
TCCG,4.409498450497133e-4,4.75431637295503e-4,0.10838656432973608,0.15932674137008504,0.832475264673407,0.07962866181616557,0.7977113261775424
TCCT,0.003822624785713548,0.004151140245217608,0.11891421601437574,0.013769512221524605,0.7669952338682989,0.11520733476174787,1.8610814441477508
TCGA,5.16723831753673e-4,5.298469183221069e-4,0.03611315780112344,0.7223426728070692,0.964349139655187,0.015765702638804734,0.14125672818661994
TCGC,3.7130070963335894e-4,3.399267365791172e-4,-0.12700662134484286,0.3136182702746171,0.8632933031215266,0.06384162805518981,0.5035986448131042
TCGG,4.595050899176821e-4,4.5759137931688045e-4,-0.0060078672387095635,0.7223426728070692,0.964349139655187,0.015765702638804734,0.14125672818661994
TCGT,5.565886299770235e-4,5.402341402057875e-4,-0.04294829776949011,0.5386594829319289,0.9254820646347235,0.03363199323268232,0.26868569013225785
TCTA,0.003865501730701106,0.003953750363135661,0.032557771092303664,0.5386594829319289,0.9254820646347235,0.03363199323268232,0.26868569013225785
TCTC,0.004384209735704656,0.004525284309784638,0.04568136204297379,0.49650658938584646,0.9144294020343647,0.03884981833456674,0.30407498339232125
TCTG,0.004982281944481517,0.004981359227023232,-2.6715790426414183e-4,0.7713030004051677,0.964349139655187,0.015765702638804734,0.11277497920810663
TCTT,0.006283566674229429,0.006460099731093105,0.03996647098094833,0.3809719692072634,0.8866256737914493,0.05225969710106423,0.4191069772546887
TGAA,0.007466402554316515,0.00747834315483211,0.0023050701669785627,0.9742362900257637,1,-0,0.011335697116542545
TGAC,0.0030993322268338228,0.0032454131554038408,0.06642379567074941,0.1801944185845115,0.832475264673407,0.07962866181616557,0.7442586651632163
TGAG,0.004958322102533467,0.005060300783207666,0.029365283583615967,0.9228696999594833,1,-0,0.03485961271544618
TGAT,0.005408361812560316,0.005370556169536108,-0.01011829185045723,0.9228696999594833,1,-0,0.03485961271544618
TGCA,0.004690269042683802,0.004817433509907129,0.03858595604808474,0.22762995518413476,0.832475264673407,0.07962866181616557,0.6427705871137582
TGCC,0.002974829241473584,0.0032088523259853506,0.10921518121024468,0.05913591052909939,0.8235123390541348,0.08432988921678189,1.2281487118703402
TGCG,4.561867521030949e-4,5.032145984595561e-4,0.14125428976737892,0.05913591052909939,0.8235123390541348,0.08432988921678189,1.2281487118703402
TGCT,0.004679647377197662,0.004911617521169611,0.06978383859321335,0.05913591052909939,0.8235123390541348,0.08432988921678189,1.2281487118703402
TGGA,0.004875320613582696,0.004991121785759171,0.03386014508213081,0.7223426728070692,0.964349139655187,0.015765702638804734,0.14125672818661994
TGGC,0.003152721776192057,0.0033301300630858665,0.07895629470096105,0.22762995518413476,0.832475264673407,0.07962866181616557,0.6427705871137582
TGGG,0.003946644014961595,0.004099372212424409,0.05476297836312345,0.3136182702746171,0.8632933031215266,0.06384162805518981,0.5035986448131042
TGGT,0.0041501799090213135,0.004161729428975877,0.0040083299454490165,0.9228696999594833,1,-0,0.03485961271544618
TGTA,0.004638385562117573,0.004765680812980936,0.03905127453239735,0.14023747150682137,0.832475264673407,0.07962866181616557,0.8531359272090023
TGTC,0.0035329730584014426,0.0036981066843520235,0.06588586781096394,0.09308957296573396,0.832475264673407,0.07962866181616557,1.0310989619515236
TGTG,0.005267142294849925,0.005349993888487053,0.02251256724881244,0.41758241758241765,0.890842490842491,0.05019907644005863,0.37925779570428336
TGTT,0.00708579833044078,0.0068259715390875395,-0.05388825728862642,0.06915066357790817,0.8235123390541348,0.08432988921678189,1.1602036479937006
TTAA,0.0073966059266110575,0.007177455983159716,-0.04338488198601872,0.1801944185845115,0.832475264673407,0.07962866181616557,0.7442586651632163
TTAC,0.0035381788151426508,0.003614005719687511,0.030583274809956713,0.5386594829319289,0.9254820646347235,0.03363199323268232,0.26868569013225785
TTAG,0.003656980722726599,0.0035931725487540387,-0.02538780091530555,0.49650658938584646,0.9144294020343647,0.03884981833456674,0.30407498339232125
TTAT,0.007160826642574238,0.007065513355974423,-0.019329038080306036,0.7713030004051677,0.964349139655187,0.015765702638804734,0.11277497920810663
TTCA,0.005968816471430808,0.006065797199939888,0.023248506205661917,0.674396810619721,0.964349139655187,0.015765702638804734,0.17108449225865685
TTCC,0.0038581348526246385,0.004020810975615614,0.05956781890434626,0.1801944185845115,0.832475264673407,0.07962866181616557,0.7442586651632163
TTCG,4.995610279593995e-4,5.565909502522932e-4,0.1556611744428767,0.05913591052909939,0.8235123390541348,0.08432988921678189,1.2281487118703402
TTCT,0.006733020730203409,0.007186600921971183,0.0940421457352429,0.10720239512809172,0.832475264673407,0.07962866181616557,0.9697955114781969
TTGA,0.005027407104454888,0.005155937331614275,0.036413057252843314,0.25430297256922646,0.8346353971502817,0.07850320066785722,0.5946485632892263
TTGC,0.003431554977021789,0.003382360609304841,-0.02082587493422897,0.34627910788901506,0.8776975407879986,0.05665511848708972,0.4605737100162967
TTGG,0.003805160217280973,0.0038472594109222173,0.015869762378844444,0.6277375874899096,0.964349139655187,0.015765702638804734,0.20222186601119221
TTGT,0.00537422580896945,0.005405005623490359,0.008237650159728509,0.6277375874899096,0.964349139655187,0.015765702638804734,0.20222186601119221
TTTA,0.008313328832983588,0.00831257358743245,-1.3105549749826663e-4,0.9742362900257637,1,-0,0.011335697116542545
TTTC,0.006989214364046568,0.0070513979964925725,0.012777195901554775,0.8717598191282403,1,-0,0.059603152217892794
TTTG,0.006896524203530099,0.0068947190308632725,-3.776216550367309e-4,0.9742362900257637,1,-0,0.011335697116542545
TTTT,0.014518109138343706,0.014704004070558985,0.01835424823399426,0.41758241758241765,0.890842490842491,0.05019907644005863,0.37925779570428336
